{
  "support_epoch": 15,
  "group_count": 19954,
  "valid_group_count": 19684,
  "valid_group_ratio": 0.9864688784203668,
  "support_count": {
    "count": 19954,
    "finite_count": 19954,
    "mean": 2.7009623050689697,
    "std": 0.516474187374115,
    "min": 0.0,
    "p05": 2.0,
    "median": 3.0,
    "p95": 3.0,
    "max": 3.0
  },
  "trusted_simple_cos": {
    "count": 19684,
    "finite_count": 19684,
    "mean": 1.0,
    "std": 4.3863373377917014e-08,
    "min": 0.9999998211860657,
    "p05": 0.9999998807907104,
    "median": 1.0,
    "p95": 1.0,
    "max": 1.000000238418579
  },
  "trusted_variance_cos": {
    "count": 19684,
    "finite_count": 19684,
    "mean": 1.0,
    "std": 4.978224765750383e-08,
    "min": 0.9999997615814209,
    "p05": 0.9999998807907104,
    "median": 1.0,
    "p95": 1.0000001192092896,
    "max": 1.000000238418579
  },
  "variance_simple_cos": {
    "count": 19684,
    "finite_count": 19684,
    "mean": 1.0,
    "std": 4.417090337938134e-08,
    "min": 0.9999998211860657,
    "p05": 0.9999998807907104,
    "median": 1.0,
    "p95": 1.0,
    "max": 1.000000238418579
  },
  "support_scalar_variance_cv": {
    "count": 19684,
    "finite_count": 19684,
    "mean": 0.00010738959826994687,
    "std": 1.7579523046151735e-05,
    "min": 9.522135223960504e-05,
    "p05": 9.530461102258414e-05,
    "median": 9.950686217052862e-05,
    "p95": 0.00014816851762589067,
    "max": 0.0002214568667113781
  },
  "support_scalar_precision_cv": {
    "count": 19684,
    "finite_count": 19684,
    "mean": 0.00011631539382506162,
    "std": 1.6508611224708147e-05,
    "min": 0.00010500210919417441,
    "p05": 0.00010509292769711465,
    "median": 0.00010892479622270912,
    "p95": 0.00015461396833416075,
    "max": 0.0002256548759760335
  },
  "precision_dim_cv": {
    "count": 19684,
    "finite_count": 19684,
    "mean": 0.0001382006157655269,
    "std": 2.895433863159269e-05,
    "min": 0.000105420192994643,
    "p05": 0.00010871688573388383,
    "median": 0.00012898098793812096,
    "p95": 0.0001999358501052484,
    "max": 0.00029211980290710926
  },
  "tau_share": {
    "count": 19684,
    "finite_count": 19684,
    "mean": 0.00039401205140165985,
    "std": 0.0001861393975559622,
    "min": 2.7307851269142702e-05,
    "p05": 0.00011751476995414123,
    "median": 0.0003790853370446712,
    "p95": 0.0007195518119260669,
    "max": 0.0010521565563976765
  },
  "tau2": {
    "count": 10078208,
    "finite_count": 10078208,
    "mean": 0.0004141788522247225,
    "std": 0.0005657259607687593,
    "min": 7.112315297179176e-17,
    "p05": 5.9843282542715315e-06,
    "median": 0.00021757191279903054,
    "p95": 0.0014843259705230594,
    "max": 0.017706142738461494
  },
  "near_simple_ratio_cos_ge_0_999": 1.0,
  "near_simple_ratio_cos_ge_0_9995": 1.0,
  "near_simple_ratio_cos_ge_0_9999": 1.0
}