{
  "variance_all_images": {
    "count": 10216448,
    "finite_count": 10216448,
    "mean": 1.050010085105896,
    "std": 0.00022014651040080935,
    "min": 1.0463333129882812,
    "p05": 1.049681544303894,
    "median": 1.0500099658966064,
    "p95": 1.0503382682800293,
    "max": 1.053390622138977
  },
  "per_image_variance_mean": {
    "count": 19954,
    "finite_count": 19954,
    "mean": 1.050010085105896,
    "std": 9.069295629160479e-05,
    "min": 1.0496597290039062,
    "p05": 1.049845576286316,
    "median": 1.0500198602676392,
    "p95": 1.0501441955566406,
    "max": 1.0502598285675049
  },
  "per_image_variance_std": {
    "count": 19954,
    "finite_count": 19954,
    "mean": 0.00019416684517636895,
    "std": 5.03838382428512e-05,
    "min": 9.691338345874101e-05,
    "p05": 0.00013289852358866483,
    "median": 0.00018194371659774333,
    "p95": 0.0002953392395284027,
    "max": 0.0004251047212164849
  },
  "uncertainty_weight_norm": 0.060353122651576996,
  "uncertainty_bias_norm": 0.0001368292432744056,
  "uncertainty_weight_abs_max": 0.003478843020275235,
  "uncertainty_bias_abs_max": 7.115079642971978e-05
}