{
  "config_file": "/root/autodl-tmp/HIRE_v2_identity_logs/82601f8/TAG-PEDES/20260716_201333_hire_v2_identity_tagpedes_60e_seed1_82601f8/configs.yaml",
  "checkpoint": "/root/autodl-tmp/HIRE_v2_identity_logs/82601f8/TAG-PEDES/20260716_201333_hire_v2_identity_tagpedes_60e_seed1_82601f8/best.pth",
  "identity_gate": 0.11186094582080841,
  "results": {
    "global": {
      "R1": 57.30731964111328,
      "R5": 76.1633529663086,
      "R10": 82.7799301147461,
      "mAP": 43.6470947265625,
      "mINP": 23.46773338317871
    },
    "local": {
      "R1": 54.61100387573242,
      "R5": 73.78211975097656,
      "R10": 81.08943176269531,
      "mAP": 41.94704055786133,
      "mINP": 22.55720329284668
    },
    "observation": {
      "R1": 57.3315544128418,
      "R5": 76.14517974853516,
      "R10": 82.68904876708984,
      "mAP": 43.82261276245117,
      "mINP": 23.662437438964844
    },
    "identity": {
      "R1": 53.88996505737305,
      "R5": 72.78841400146484,
      "R10": 80.15632629394531,
      "mAP": 42.23161697387695,
      "mINP": 23.38970375061035
    },
    "final": {
      "R1": 57.913230895996094,
      "R5": 76.47842407226562,
      "R10": 82.93746948242188,
      "mAP": 44.40875244140625,
      "mINP": 24.32276725769043
    }
  }
}