{
  "support_epoch": 30,
  "group_count": 19954,
  "valid_group_count": 19684,
  "valid_group_ratio": 0.9864688784203668,
  "support_count": {
    "count": 19954,
    "finite_count": 19954,
    "mean": 2.7009623050689697,
    "std": 0.516474187374115,
    "min": 0.0,
    "p05": 2.0,
    "median": 3.0,
    "p95": 3.0,
    "max": 3.0
  },
  "trusted_simple_cos": {
    "count": 19684,
    "finite_count": 19684,
    "mean": 1.0,
    "std": 4.377687901069294e-08,
    "min": 0.9999998211860657,
    "p05": 0.9999998807907104,
    "median": 1.0,
    "p95": 1.0,
    "max": 1.000000238418579
  },
  "trusted_variance_cos": {
    "count": 19684,
    "finite_count": 19684,
    "mean": 1.0,
    "std": 5.0109285609778453e-08,
    "min": 0.9999998211860657,
    "p05": 0.9999998807907104,
    "median": 1.0,
    "p95": 1.0000001192092896,
    "max": 1.000000238418579
  },
  "variance_simple_cos": {
    "count": 19684,
    "finite_count": 19684,
    "mean": 1.0,
    "std": 4.422399157988366e-08,
    "min": 0.9999998211860657,
    "p05": 0.9999998807907104,
    "median": 1.0,
    "p95": 1.0,
    "max": 1.000000238418579
  },
  "support_scalar_variance_cv": {
    "count": 19684,
    "finite_count": 19684,
    "mean": 0.00010731443762779236,
    "std": 1.746181442285888e-05,
    "min": 9.522135223960504e-05,
    "p05": 9.530629904475063e-05,
    "median": 9.949077502824366e-05,
    "p95": 0.00014743805513717234,
    "max": 0.0002214568667113781
  },
  "support_scalar_precision_cv": {
    "count": 19684,
    "finite_count": 19684,
    "mean": 0.00011624417675193399,
    "std": 1.6396043065469712e-05,
    "min": 0.00010500210919417441,
    "p05": 0.00010509382263990119,
    "median": 0.00010890611883951351,
    "p95": 0.00015393266221508384,
    "max": 0.0002256548759760335
  },
  "precision_dim_cv": {
    "count": 19684,
    "finite_count": 19684,
    "mean": 0.00013811257667839527,
    "std": 2.891681833716575e-05,
    "min": 0.000105420192994643,
    "p05": 0.00010872206621570513,
    "median": 0.00012892301310785115,
    "p95": 0.0001997229119297117,
    "max": 0.00029211980290710926
  },
  "tau_share": {
    "count": 19684,
    "finite_count": 19684,
    "mean": 0.0003936881257686764,
    "std": 0.00018575861759018153,
    "min": 2.7307851269142702e-05,
    "p05": 0.00011751476995414123,
    "median": 0.000377207703422755,
    "p95": 0.0007180046522989869,
    "max": 0.0010521565563976765
  },
  "tau2": {
    "count": 10078208,
    "finite_count": 10078208,
    "mean": 0.00041383758070878685,
    "std": 0.0005649051745422184,
    "min": 7.112315297179176e-17,
    "p05": 5.987470558466157e-06,
    "median": 0.0002176462294301018,
    "p95": 0.0014822821831330657,
    "max": 0.02101154439151287
  },
  "near_simple_ratio_cos_ge_0_999": 1.0,
  "near_simple_ratio_cos_ge_0_9995": 1.0,
  "near_simple_ratio_cos_ge_0_9999": 1.0
}