{
  "support_epoch": 0,
  "group_count": 19954,
  "valid_group_count": 19684,
  "valid_group_ratio": 0.9864688784203668,
  "support_count": {
    "count": 19954,
    "finite_count": 19954,
    "mean": 2.7009623050689697,
    "std": 0.516474187374115,
    "min": 0.0,
    "p05": 2.0,
    "median": 3.0,
    "p95": 3.0,
    "max": 3.0
  },
  "trusted_simple_cos": {
    "count": 19684,
    "finite_count": 19684,
    "mean": 1.0,
    "std": 4.369227823985966e-08,
    "min": 0.9999998211860657,
    "p05": 0.9999998807907104,
    "median": 1.0,
    "p95": 1.0,
    "max": 1.000000238418579
  },
  "trusted_variance_cos": {
    "count": 19684,
    "finite_count": 19684,
    "mean": 1.0,
    "std": 4.9840224392028176e-08,
    "min": 0.9999998211860657,
    "p05": 0.9999998807907104,
    "median": 1.0,
    "p95": 1.0000001192092896,
    "max": 1.000000238418579
  },
  "variance_simple_cos": {
    "count": 19684,
    "finite_count": 19684,
    "mean": 1.0,
    "std": 4.4082963057689994e-08,
    "min": 0.9999998211860657,
    "p05": 0.9999998807907104,
    "median": 1.0,
    "p95": 1.0,
    "max": 1.000000238418579
  },
  "support_scalar_variance_cv": {
    "count": 19684,
    "finite_count": 19684,
    "mean": 0.00010733577073551714,
    "std": 1.7467969883000478e-05,
    "min": 9.522135223960504e-05,
    "p05": 9.53062335611321e-05,
    "median": 9.949077502824366e-05,
    "p95": 0.00014725081564392895,
    "max": 0.0002214568667113781
  },
  "support_scalar_precision_cv": {
    "count": 19684,
    "finite_count": 19684,
    "mean": 0.00011626411287579685,
    "std": 1.64013727044221e-05,
    "min": 0.00010500210919417441,
    "p05": 0.00010509381536394358,
    "median": 0.00010891125566558912,
    "p95": 0.0001537349307909608,
    "max": 0.0002256548759760335
  },
  "precision_dim_cv": {
    "count": 19684,
    "finite_count": 19684,
    "mean": 0.00013811566168442369,
    "std": 2.8890975954709575e-05,
    "min": 0.000105420192994643,
    "p05": 0.00010872206621570513,
    "median": 0.00012899789726361632,
    "p95": 0.00019948367844335735,
    "max": 0.00029211980290710926
  },
  "tau_share": {
    "count": 19684,
    "finite_count": 19684,
    "mean": 0.0003936834982596338,
    "std": 0.00018566496146377176,
    "min": 2.7307851269142702e-05,
    "p05": 0.00011783318768721074,
    "median": 0.0003774288052227348,
    "p95": 0.0007173782214522362,
    "max": 0.0010521565563976765
  },
  "tau2": {
    "count": 10078208,
    "finite_count": 10078208,
    "mean": 0.0004138327785767615,
    "std": 0.0005649130325764418,
    "min": 7.112315297179176e-17,
    "p05": 5.992023943690583e-06,
    "median": 0.0002176463749492541,
    "p95": 0.0014822948724031448,
    "max": 0.02101154439151287
  },
  "near_simple_ratio_cos_ge_0_999": 1.0,
  "near_simple_ratio_cos_ge_0_9995": 1.0,
  "near_simple_ratio_cos_ge_0_9999": 1.0
}