{
  "support_epoch": 59,
  "group_count": 19954,
  "valid_group_count": 19684,
  "valid_group_ratio": 0.9864688784203668,
  "support_count": {
    "count": 19954,
    "finite_count": 19954,
    "mean": 2.7009623050689697,
    "std": 0.516474187374115,
    "min": 0.0,
    "p05": 2.0,
    "median": 3.0,
    "p95": 3.0,
    "max": 3.0
  },
  "trusted_simple_cos": {
    "count": 19684,
    "finite_count": 19684,
    "mean": 1.0,
    "std": 4.4211745375832834e-08,
    "min": 0.9999998211860657,
    "p05": 0.9999998807907104,
    "median": 1.0,
    "p95": 1.0,
    "max": 1.000000238418579
  },
  "trusted_variance_cos": {
    "count": 19684,
    "finite_count": 19684,
    "mean": 1.0,
    "std": 5.0172278776017265e-08,
    "min": 0.9999997615814209,
    "p05": 0.9999998807907104,
    "median": 1.0,
    "p95": 1.0000001192092896,
    "max": 1.000000238418579
  },
  "variance_simple_cos": {
    "count": 19684,
    "finite_count": 19684,
    "mean": 1.0,
    "std": 4.433811540138777e-08,
    "min": 0.9999997615814209,
    "p05": 0.9999998807907104,
    "median": 1.0,
    "p95": 1.0,
    "max": 1.000000238418579
  },
  "support_scalar_variance_cv": {
    "count": 19684,
    "finite_count": 19684,
    "mean": 0.00010738277342170477,
    "std": 1.754220647853799e-05,
    "min": 9.522135223960504e-05,
    "p05": 9.530498937238008e-05,
    "median": 9.948877413989976e-05,
    "p95": 0.00014817902410868555,
    "max": 0.0002214568667113781
  },
  "support_scalar_precision_cv": {
    "count": 19684,
    "finite_count": 19684,
    "mean": 0.00011630854714894667,
    "std": 1.647259523451794e-05,
    "min": 0.00010500210919417441,
    "p05": 0.0001050926439347677,
    "median": 0.00010891218698816374,
    "p95": 0.00015460356371477246,
    "max": 0.0002256548759760335
  },
  "precision_dim_cv": {
    "count": 19684,
    "finite_count": 19684,
    "mean": 0.0001381458278046921,
    "std": 2.8871145332232118e-05,
    "min": 0.000105420192994643,
    "p05": 0.00010871688573388383,
    "median": 0.0001289241627091542,
    "p95": 0.00019941900973208249,
    "max": 0.00029211980290710926
  },
  "tau_share": {
    "count": 19684,
    "finite_count": 19684,
    "mean": 0.0003936102439183742,
    "std": 0.00018571180407889187,
    "min": 2.7307851269142702e-05,
    "p05": 0.00011785739479819313,
    "median": 0.0003775741788558662,
    "p95": 0.0007173097692430019,
    "max": 0.0010521565563976765
  },
  "tau2": {
    "count": 10078208,
    "finite_count": 10078208,
    "mean": 0.00041375585715286434,
    "std": 0.0005649299710057676,
    "min": 7.112315297179176e-17,
    "p05": 5.98594851908274e-06,
    "median": 0.0002175927656935528,
    "p95": 0.0014822067460045218,
    "max": 0.01940341293811798
  },
  "near_simple_ratio_cos_ge_0_999": 1.0,
  "near_simple_ratio_cos_ge_0_9995": 1.0,
  "near_simple_ratio_cos_ge_0_9999": 1.0
}