{
  "support_epoch": 54,
  "group_count": 19954,
  "valid_group_count": 19684,
  "valid_group_ratio": 0.9864688784203668,
  "support_count": {
    "count": 19954,
    "finite_count": 19954,
    "mean": 2.7009623050689697,
    "std": 0.516474187374115,
    "min": 0.0,
    "p05": 2.0,
    "median": 3.0,
    "p95": 3.0,
    "max": 3.0
  },
  "trusted_simple_cos": {
    "count": 19684,
    "finite_count": 19684,
    "mean": 1.0,
    "std": 4.3781000158560346e-08,
    "min": 0.9999998211860657,
    "p05": 0.9999998807907104,
    "median": 1.0,
    "p95": 1.0,
    "max": 1.000000238418579
  },
  "trusted_variance_cos": {
    "count": 19684,
    "finite_count": 19684,
    "mean": 1.0,
    "std": 4.984565649124306e-08,
    "min": 0.9999998211860657,
    "p05": 0.9999998807907104,
    "median": 1.0,
    "p95": 1.0000001192092896,
    "max": 1.000000238418579
  },
  "variance_simple_cos": {
    "count": 19684,
    "finite_count": 19684,
    "mean": 1.0,
    "std": 4.3910667102409207e-08,
    "min": 0.9999998211860657,
    "p05": 0.9999998807907104,
    "median": 1.0,
    "p95": 1.0,
    "max": 1.000000238418579
  },
  "support_scalar_variance_cv": {
    "count": 19684,
    "finite_count": 19684,
    "mean": 0.00010733974340837449,
    "std": 1.747045826050453e-05,
    "min": 9.522135223960504e-05,
    "p05": 9.530534589430317e-05,
    "median": 9.95145965134725e-05,
    "p95": 0.00014729690155945718,
    "max": 0.0002214568667113781
  },
  "support_scalar_precision_cv": {
    "count": 19684,
    "finite_count": 19684,
    "mean": 0.00011626779451034963,
    "std": 1.640443406358827e-05,
    "min": 0.00010500210919417441,
    "p05": 0.00010509292769711465,
    "median": 0.00010893172293435782,
    "p95": 0.00015374533541034907,
    "max": 0.0002256548759760335
  },
  "precision_dim_cv": {
    "count": 19684,
    "finite_count": 19684,
    "mean": 0.00013811176177114248,
    "std": 2.887807204388082e-05,
    "min": 0.000105420192994643,
    "p05": 0.00010872042184928432,
    "median": 0.00012890325160697103,
    "p95": 0.00019970754510723054,
    "max": 0.0002895198995247483
  },
  "tau_share": {
    "count": 19684,
    "finite_count": 19684,
    "mean": 0.0003936301509384066,
    "std": 0.00018571081454865634,
    "min": 2.7307851269142702e-05,
    "p05": 0.00011751476995414123,
    "median": 0.0003775515069719404,
    "p95": 0.0007177096558734775,
    "max": 0.0010521565563976765
  },
  "tau2": {
    "count": 10078208,
    "finite_count": 10078208,
    "mean": 0.00041377663728781044,
    "std": 0.0005648043588735163,
    "min": 7.112315297179176e-17,
    "p05": 5.988336397422245e-06,
    "median": 0.00021755110356025398,
    "p95": 0.001482349936850369,
    "max": 0.02101154439151287
  },
  "near_simple_ratio_cos_ge_0_999": 1.0,
  "near_simple_ratio_cos_ge_0_9995": 1.0,
  "near_simple_ratio_cos_ge_0_9999": 1.0
}