{
  "support_epoch": 45,
  "group_count": 19954,
  "valid_group_count": 19684,
  "valid_group_ratio": 0.9864688784203668,
  "support_count": {
    "count": 19954,
    "finite_count": 19954,
    "mean": 2.7009623050689697,
    "std": 0.516474187374115,
    "min": 0.0,
    "p05": 2.0,
    "median": 3.0,
    "p95": 3.0,
    "max": 3.0
  },
  "trusted_simple_cos": {
    "count": 19684,
    "finite_count": 19684,
    "mean": 1.0,
    "std": 4.370879835846608e-08,
    "min": 0.9999998211860657,
    "p05": 0.9999998807907104,
    "median": 1.0,
    "p95": 1.0,
    "max": 1.000000238418579
  },
  "trusted_variance_cos": {
    "count": 19684,
    "finite_count": 19684,
    "mean": 1.0,
    "std": 4.967154509927241e-08,
    "min": 0.9999997615814209,
    "p05": 0.9999998807907104,
    "median": 1.0,
    "p95": 1.0000001192092896,
    "max": 1.000000238418579
  },
  "variance_simple_cos": {
    "count": 19684,
    "finite_count": 19684,
    "mean": 1.0,
    "std": 4.4125933129635087e-08,
    "min": 0.9999998211860657,
    "p05": 0.9999998807907104,
    "median": 1.0,
    "p95": 1.0,
    "max": 1.000000238418579
  },
  "support_scalar_variance_cv": {
    "count": 19684,
    "finite_count": 19684,
    "mean": 0.00010736269177868962,
    "std": 1.7486645447206683e-05,
    "min": 9.522135223960504e-05,
    "p05": 9.530453098705038e-05,
    "median": 9.950586536433548e-05,
    "p95": 0.00014776320313103497,
    "max": 0.0002214568667113781
  },
  "support_scalar_precision_cv": {
    "count": 19684,
    "finite_count": 19684,
    "mean": 0.00011628930224105716,
    "std": 1.641893140913453e-05,
    "min": 0.00010500210919417441,
    "p05": 0.00010509262938285246,
    "median": 0.00010892414866248146,
    "p95": 0.0001541910314699635,
    "max": 0.0002256548759760335
  },
  "precision_dim_cv": {
    "count": 19684,
    "finite_count": 19684,
    "mean": 0.00013813943951390684,
    "std": 2.8851034585386515e-05,
    "min": 0.000105420192994643,
    "p05": 0.00010871688573388383,
    "median": 0.00012889500067103654,
    "p95": 0.00019970754510723054,
    "max": 0.00029211980290710926
  },
  "tau_share": {
    "count": 19684,
    "finite_count": 19684,
    "mean": 0.00039367005228996277,
    "std": 0.0001857818861026317,
    "min": 2.7307851269142702e-05,
    "p05": 0.00011785739479819313,
    "median": 0.0003785456938203424,
    "p95": 0.0007181048858910799,
    "max": 0.0010521565563976765
  },
  "tau2": {
    "count": 10078208,
    "finite_count": 10078208,
    "mean": 0.0004138185759074986,
    "std": 0.0005648787482641637,
    "min": 7.112315297179176e-17,
    "p05": 5.986604264762718e-06,
    "median": 0.00021749270672444254,
    "p95": 0.0014827788108959794,
    "max": 0.02101154439151287
  },
  "near_simple_ratio_cos_ge_0_999": 1.0,
  "near_simple_ratio_cos_ge_0_9995": 1.0,
  "near_simple_ratio_cos_ge_0_9999": 1.0
}